<?xml version="1.0" encoding="UTF-8"?>
<odoo>
    <data noupdate="1">

        <template id="footer_custom1" inherit_id="website.layout"
            name="Openeducat Footer">
            <xpath expr="//div[@id='footer']" position="replace">
                <div class="oe_structure" id="footer" style="padding-top:0px;">
                    <section class="footer-section">
                        <div class="container">
                            <div class="row">
                                <div class="col-lg-12 mt32 mb32">
                                    <div class="row">
                                    <div class="col-lg-4">

                                        <div
                                            class="text-white footer-title mb16">
                                            <h3>About Us</h3>
                                        </div>

                                        <div class="footer-text text-white">
                                            <p>To create value through economic, social and environmental developments whilst being a world class education provider in a manner that is nationally entrenched, regionally recognised and globally relevant.
                                            </p>
                                            <p>To foster a culture wherein original ideas are generated through a strong accent on innovation, inquiry, scholarship, creativity and research.
                                                <br />
                                                <a
                                                    href="#"
                                                    class="btn btn-default text-white">learning
                                                    now
                                                </a>
                                            </p>
                                        </div>


                                    </div>
                                    <div class="col-lg-4 col-sm-4">

                                        <div
                                            class="text-white footer-title mb16">
                                            <h3>Quick Links</h3>
                                        </div>
                                        <ul class="style_1 mt0 mb8">
                                            <li
                                                class="page_item page-item-1217">
                                                <a href="#">
                                                    <span class="text-white">News &amp; Events
                                                    </span>
                                                </a>
                                            </li>
                                            <li
                                                class="page_item page-item-1376">
                                                <a href="#">
                                                    <span class="text-white">Admission
                                                    </span>
                                                </a>
                                            </li>
                                            <li
                                                class="page_item page-item-779">
                                                <a href="#">
                                                    <span class="text-white">Careers 
                                                    </span>
                                                </a>
                                            </li>
                                            <li
                                                class="page_item page-item-779">
                                                <a href="#">
                                                    <span class="text-white">Academics
                                                    </span>
                                                </a>
                                            </li>
                                            <li
                                                class="page_item page-item-779">
                                                <a href="#">
                                                    <span class="text-white">Alumni &amp; Friends
                                                    </span>
                                                </a>
                                            </li>

                                        </ul>
                                    </div>
                                    <div class="col-lg-4 col-sm-4">

                                        <div
                                            class="text-white footer-title mb16">
                                            <h3>Contact Us</h3>
                                        </div>
                                        <ul class="footer-contact">
                                            <li>
                                                <div class="icon pr8">
                                                    <i
                                                        class="fa fa-map-marker"
                                                        aria-hidden="true"></i>
                                                </div>
                                                <div class="text text-white">1725
                                                    Slough Ave. United
                                                    States
                                                </div>
                                            </li>
                                            <li>
                                                <div class="icon pr8">
                                                    <i class="fa fa-phone"></i>
                                                </div>
                                                <div class="text text-white">+1 555
                                                    123 8069
                                                </div>
                                            </li>
                                            <li>
                                                <div class="icon pr8">
                                                    <i class="fa fa-print "></i>
                                                </div>
                                                <div class="text text-white">+1 998 71
                                                    150 30 20
                                                </div>
                                            </li>
                                            <li>
                                                <div class="icon pr8">
                                                    <i class="fa fa-envelope"></i>
                                                </div>
                                                <div class="text text-white">
                                                    <a href="#"
                                                        class="text-white">info@example.com
                                                    </a>
                                                </div>
                                            </li>
                                        </ul>
                                    </div>
                                    </div>
                                </div>
                            </div>

                        </div>
                    </section>
                </div>
            </xpath>
        </template>
    </data>
</odoo>
