<?xml version="1.0" encoding="utf-8"?>
<odoo>
    <data noupdate="1">
        <record id='op_attendance_sheet_1' model='op.attendance.sheet'>
            <field name='name'>AR1-AS1</field>
            <field name='register_id' ref='op_attendance_register_1'/>
            <field name='attendance_date'
                   eval='(DateTime.today() - relativedelta(days=30))'/>
        </record>

        <record id='op_attendance_sheet_2' model='op.attendance.sheet'>
            <field name='name'>AR1-AS2</field>
            <field name='register_id' ref='op_attendance_register_1'/>
            <field name='attendance_date'
                   eval='(DateTime.today() - relativedelta(days=29))'/>
        </record>

        <record id='op_attendance_sheet_3' model='op.attendance.sheet'>
            <field name='name'>AR1-AS3</field>
            <field name='register_id' ref='op_attendance_register_1'/>
            <field name='attendance_date'
                   eval='(DateTime.today() - relativedelta(days=28))'/>
        </record>

        <record id='op_attendance_sheet_4' model='op.attendance.sheet'>
            <field name='name'>AR1-AS4</field>
            <field name='register_id' ref='op_attendance_register_1'/>
            <field name='attendance_date'
                   eval='(DateTime.today() - relativedelta(days=27))'/>
        </record>


        <record id='op_attendance_sheet_5' model='op.attendance.sheet'>
            <field name='name'>AR1-AS5</field>
            <field name='register_id' ref='op_attendance_register_1'/>
            <field name='attendance_date'
                   eval='(DateTime.today() - relativedelta(days=26))'/>
        </record>

        <record id='op_attendance_sheet_6' model='op.attendance.sheet'>
            <field name='name'>AR1-AS6</field>
            <field name='register_id' ref='op_attendance_register_1'/>
            <field name='attendance_date'
                   eval='(DateTime.today() - relativedelta(days=25))'/>
        </record>

        <record id='op_attendance_sheet_7' model='op.attendance.sheet'>
            <field name='name'>AR1-AS7</field>
            <field name='register_id' ref='op_attendance_register_1'/>
            <field name='attendance_date'
                   eval='(DateTime.today() - relativedelta(days=24))'/>
        </record>

        <record id='op_attendance_sheet_8' model='op.attendance.sheet'>
            <field name='name'>AR1-AS8</field>
            <field name='register_id' ref='op_attendance_register_1'/>
            <field name='attendance_date'
                   eval='(DateTime.today() - relativedelta(days=23))'/>
        </record>

        <record id='op_attendance_sheet_9' model='op.attendance.sheet'>
            <field name='name'>AR1-AS9</field>
            <field name='register_id' ref='op_attendance_register_1'/>
            <field name='attendance_date'
                   eval='(DateTime.today() - relativedelta(days=22))'/>
        </record>

        <record id='op_attendance_sheet_10' model='op.attendance.sheet'>
            <field name='name'>AR1-AS10</field>
            <field name='register_id' ref='op_attendance_register_1'/>
            <field name='attendance_date'
                   eval='(DateTime.today() - relativedelta(days=21))'/>
        </record>

        <record id='op_attendance_sheet_11' model='op.attendance.sheet'>
            <field name='name'>AR1-AS11</field>
            <field name='register_id' ref='op_attendance_register_1'/>
            <field name='attendance_date'
                   eval='(DateTime.today() - relativedelta(days=20))'/>
        </record>

        <record id='op_attendance_sheet_12' model='op.attendance.sheet'>
            <field name='name'>AR1-AS12</field>
            <field name='register_id' ref='op_attendance_register_1'/>
            <field name='attendance_date'
                   eval='(DateTime.today() - relativedelta(days=19))'/>
        </record>

        <record id='op_attendance_sheet_13' model='op.attendance.sheet'>
            <field name='name'>AR1-AS13</field>
            <field name='register_id' ref='op_attendance_register_1'/>
            <field name='attendance_date'
                   eval='(DateTime.today() - relativedelta(days=18))'/>
        </record>

        <record id='op_attendance_sheet_14' model='op.attendance.sheet'>
            <field name='name'>AR1-AS14</field>
            <field name='register_id' ref='op_attendance_register_1'/>
            <field name='attendance_date'
                   eval='(DateTime.today() - relativedelta(days=17))'/>
        </record>

        <record id='op_attendance_sheet_15' model='op.attendance.sheet'>
            <field name='name'>AR1-AS15</field>
            <field name='register_id' ref='op_attendance_register_1'/>
            <field name='attendance_date'
                   eval='(DateTime.today() - relativedelta(days=16))'/>
        </record>

        <record id='op_attendance_sheet_16' model='op.attendance.sheet'>
            <field name='name'>AR1-AS16</field>
            <field name='register_id' ref='op_attendance_register_1'/>
            <field name='attendance_date'
                   eval='(DateTime.today() - relativedelta(days=15))'/>
        </record>

        <record id='op_attendance_sheet_17' model='op.attendance.sheet'>
            <field name='name'>AR1-AS17</field>
            <field name='register_id' ref='op_attendance_register_1'/>
            <field name='attendance_date'
                   eval='(DateTime.today() - relativedelta(days=14))'/>
        </record>

        <record id='op_attendance_sheet_18' model='op.attendance.sheet'>
            <field name='name'>AR1-AS18</field>
            <field name='register_id' ref='op_attendance_register_1'/>
            <field name='attendance_date'
                   eval='(DateTime.today() - relativedelta(days=13))'/>
        </record>

        <record id='op_attendance_sheet_19' model='op.attendance.sheet'>
            <field name='name'>AR1-AS19</field>
            <field name='register_id' ref='op_attendance_register_1'/>
            <field name='attendance_date'
                   eval='(DateTime.today() - relativedelta(days=12))'/>
        </record>

        <record id='op_attendance_sheet_20' model='op.attendance.sheet'>
            <field name='name'>AR1-AS20</field>
            <field name='register_id' ref='op_attendance_register_1'/>
            <field name='attendance_date'
                   eval='(DateTime.today() - relativedelta(days=11))'/>
        </record>

        <record id='op_attendance_sheet_21' model='op.attendance.sheet'>
            <field name='name'>AR1-AS21</field>
            <field name='register_id' ref='op_attendance_register_1'/>
            <field name='attendance_date'
                   eval='(DateTime.today() - relativedelta(days=10))'/>
        </record>

        <record id='op_attendance_sheet_22' model='op.attendance.sheet'>
            <field name='name'>AR1-AS22</field>
            <field name='register_id' ref='op_attendance_register_1'/>
            <field name='attendance_date'
                   eval='(DateTime.today() - relativedelta(days=9))'/>
        </record>

        <record id='op_attendance_sheet_23' model='op.attendance.sheet'>
            <field name='name'>AR1-AS23</field>
            <field name='register_id' ref='op_attendance_register_1'/>
            <field name='attendance_date'
                   eval='(DateTime.today() - relativedelta(days=8))'/>
        </record>

        <record id='op_attendance_sheet_24' model='op.attendance.sheet'>
            <field name='name'>AR1-AS24</field>
            <field name='register_id' ref='op_attendance_register_1'/>
            <field name='attendance_date'
                   eval='(DateTime.today() - relativedelta(days=7))'/>
        </record>

        <record id='op_attendance_sheet_25' model='op.attendance.sheet'>
            <field name='name'>AR1-AS25</field>
            <field name='register_id' ref='op_attendance_register_1'/>
            <field name='attendance_date'
                   eval='(DateTime.today() - relativedelta(days=6))'/>
        </record>

        <record id='op_attendance_sheet_26' model='op.attendance.sheet'>
            <field name='name'>AR1-AS26</field>
            <field name='register_id' ref='op_attendance_register_1'/>
            <field name='attendance_date'
                   eval='(DateTime.today() - relativedelta(days=5))'/>
        </record>

        <record id='op_attendance_sheet_27' model='op.attendance.sheet'>
            <field name='name'>AR1-AS27</field>
            <field name='register_id' ref='op_attendance_register_1'/>
            <field name='attendance_date'
                   eval='(DateTime.today() - relativedelta(days=4))'/>
        </record>

        <record id='op_attendance_sheet_28' model='op.attendance.sheet'>
            <field name='name'>AR1-AS28</field>
            <field name='register_id' ref='op_attendance_register_1'/>
            <field name='attendance_date'
                   eval='(DateTime.today() - relativedelta(days=3))'/>
        </record>

        <record id='op_attendance_sheet_29' model='op.attendance.sheet'>
            <field name='name'>AR1-AS29</field>
            <field name='register_id' ref='op_attendance_register_1'/>
            <field name='attendance_date'
                   eval='(DateTime.today() - relativedelta(days=2))'/>
        </record>

        <record id='op_attendance_sheet_30' model='op.attendance.sheet'>
            <field name='name'>AR1-AS30</field>
            <field name='register_id' ref='op_attendance_register_1'/>
            <field name='attendance_date'
                   eval='(DateTime.today() - relativedelta(days=1))'/>
        </record>

        <record id='op_attendance_sheet_31' model='op.attendance.sheet'>
            <field name='name'>AR1-AS31</field>
            <field name='register_id' ref='op_attendance_register_1'/>
            <field name='attendance_date'
                   eval='(DateTime.today())'/>
        </record>

        <record id='op_attendance_sheet_32' model='op.attendance.sheet'>
            <field name='name'>AR2-AS1</field>
            <field name='register_id' ref='op_attendance_register_2'/>
            <field name='attendance_date'
                   eval='(DateTime.today() - relativedelta(days=31))'/>
        </record>

        <record id='op_attendance_sheet_33' model='op.attendance.sheet'>
            <field name='name'>AR2-AS2</field>
            <field name='register_id' ref='op_attendance_register_2'/>
            <field name='attendance_date'
                   eval='(DateTime.today() - relativedelta(days=30))'/>
        </record>

        <record id='op_attendance_sheet_34' model='op.attendance.sheet'>
            <field name='name'>AR2-AS3</field>
            <field name='register_id' ref='op_attendance_register_2'/>
            <field name='attendance_date'
                   eval='(DateTime.today() - relativedelta(days=29))'/>
        </record>

        <record id='op_attendance_sheet_35' model='op.attendance.sheet'>
            <field name='name'>AR2-AS4</field>
            <field name='register_id' ref='op_attendance_register_2'/>
            <field name='attendance_date'
                   eval='(DateTime.today() - relativedelta(days=28))'/>
        </record>

        <record id='op_attendance_sheet_36' model='op.attendance.sheet'>
            <field name='name'>AR2-AS5</field>
            <field name='register_id' ref='op_attendance_register_2'/>
            <field name='attendance_date'
                   eval='(DateTime.today() - relativedelta(days=27))'/>
        </record>

        <record id='op_attendance_sheet_37' model='op.attendance.sheet'>
            <field name='name'>AR2-AS6</field>
            <field name='register_id' ref='op_attendance_register_2'/>
            <field name='attendance_date'
                   eval='(DateTime.today() - relativedelta(days=26))'/>
        </record>

        <record id='op_attendance_sheet_38' model='op.attendance.sheet'>
            <field name='name'>AR2-AS7</field>
            <field name='register_id' ref='op_attendance_register_2'/>
            <field name='attendance_date'
                   eval='(DateTime.today() - relativedelta(days=25))'/>
        </record>

        <record id='op_attendance_sheet_39' model='op.attendance.sheet'>
            <field name='name'>AR2-AS8</field>
            <field name='register_id' ref='op_attendance_register_2'/>
            <field name='attendance_date'
                   eval='(DateTime.today() - relativedelta(days=24))'/>
        </record>

        <record id='op_attendance_sheet_40' model='op.attendance.sheet'>
            <field name='name'>AR2-AS9</field>
            <field name='register_id' ref='op_attendance_register_2'/>
            <field name='attendance_date'
                   eval='(DateTime.today() - relativedelta(days=23))'/>
        </record>

        <record id='op_attendance_sheet_41' model='op.attendance.sheet'>
            <field name='name'>AR2-AS10</field>
            <field name='register_id' ref='op_attendance_register_2'/>
            <field name='attendance_date'
                   eval='(DateTime.today() - relativedelta(days=22))'/>
        </record>

        <record id='op_attendance_sheet_42' model='op.attendance.sheet'>
            <field name='name'>AR2-AS11</field>
            <field name='register_id' ref='op_attendance_register_2'/>
            <field name='attendance_date'
                   eval='(DateTime.today() - relativedelta(days=21))'/>
        </record>

        <record id='op_attendance_sheet_43' model='op.attendance.sheet'>
            <field name='name'>AR2-AS12</field>
            <field name='register_id' ref='op_attendance_register_2'/>
            <field name='attendance_date'
                   eval='(DateTime.today() - relativedelta(days=20))'/>
        </record>

        <record id='op_attendance_sheet_44' model='op.attendance.sheet'>
            <field name='name'>AR2-AS13</field>
            <field name='register_id' ref='op_attendance_register_2'/>
            <field name='attendance_date'
                   eval='(DateTime.today() - relativedelta(days=19))'/>
        </record>

        <record id='op_attendance_sheet_45' model='op.attendance.sheet'>
            <field name='name'>AR2-AS14</field>
            <field name='register_id' ref='op_attendance_register_2'/>
            <field name='attendance_date'
                   eval='(DateTime.today() - relativedelta(days=18))'/>
        </record>

        <record id='op_attendance_sheet_46' model='op.attendance.sheet'>
            <field name='name'>AR2-AS15</field>
            <field name='register_id' ref='op_attendance_register_2'/>
            <field name='attendance_date'
                   eval='(DateTime.today() - relativedelta(days=17))'/>
        </record>

        <record id='op_attendance_sheet_47' model='op.attendance.sheet'>
            <field name='name'>AR2-AS16</field>
            <field name='register_id' ref='op_attendance_register_2'/>
            <field name='attendance_date'
                   eval='(DateTime.today() - relativedelta(days=16))'/>
        </record>

        <record id='op_attendance_sheet_48' model='op.attendance.sheet'>
            <field name='name'>AR2-AS17</field>
            <field name='register_id' ref='op_attendance_register_2'/>
            <field name='attendance_date'
                   eval='(DateTime.today() - relativedelta(days=15))'/>
        </record>

        <record id='op_attendance_sheet_49' model='op.attendance.sheet'>
            <field name='name'>AR2-AS18</field>
            <field name='register_id' ref='op_attendance_register_2'/>
            <field name='attendance_date'
                   eval='(DateTime.today() - relativedelta(days=14))'/>
        </record>

        <record id='op_attendance_sheet_50' model='op.attendance.sheet'>
            <field name='name'>AR2-AS19</field>
            <field name='register_id' ref='op_attendance_register_2'/>
            <field name='attendance_date'
                   eval='(DateTime.today() - relativedelta(days=12))'/>
        </record>

        <record id='op_attendance_sheet_51' model='op.attendance.sheet'>
            <field name='name'>AR2-AS20</field>
            <field name='register_id' ref='op_attendance_register_2'/>
            <field name='attendance_date'
                   eval='(DateTime.today() - relativedelta(days=11))'/>
        </record>

        <record id='op_attendance_sheet_52' model='op.attendance.sheet'>
            <field name='name'>AR2-AS21</field>
            <field name='register_id' ref='op_attendance_register_2'/>
            <field name='attendance_date'
                   eval='(DateTime.today() - relativedelta(days=10))'/>
        </record>

        <record id='op_attendance_sheet_53' model='op.attendance.sheet'>
            <field name='name'>AR2-AS22</field>
            <field name='register_id' ref='op_attendance_register_2'/>
            <field name='attendance_date'
                   eval='(DateTime.today() - relativedelta(days=9))'/>
        </record>

        <record id='op_attendance_sheet_54' model='op.attendance.sheet'>
            <field name='name'>AR2-AS23</field>
            <field name='register_id' ref='op_attendance_register_2'/>
            <field name='attendance_date'
                   eval='(DateTime.today() - relativedelta(days=8))'/>
        </record>

        <record id='op_attendance_sheet_55' model='op.attendance.sheet'>
            <field name='name'>AR2-AS24</field>
            <field name='register_id' ref='op_attendance_register_2'/>
            <field name='attendance_date'
                   eval='(DateTime.today() - relativedelta(days=7))'/>
        </record>

        <record id='op_attendance_sheet_56' model='op.attendance.sheet'>
            <field name='name'>AR2-AS25</field>
            <field name='register_id' ref='op_attendance_register_2'/>
            <field name='attendance_date'
                   eval='(DateTime.today() - relativedelta(days=6))'/>
        </record>

        <record id='op_attendance_sheet_57' model='op.attendance.sheet'>
            <field name='name'>AR2-AS26</field>
            <field name='register_id' ref='op_attendance_register_2'/>
            <field name='attendance_date'
                   eval='(DateTime.today() - relativedelta(days=5))'/>
        </record>

        <record id='op_attendance_sheet_58' model='op.attendance.sheet'>
            <field name='name'>AR2-AS27</field>
            <field name='register_id' ref='op_attendance_register_2'/>
            <field name='attendance_date'
                   eval='(DateTime.today() - relativedelta(days=4))'/>
        </record>

        <record id='op_attendance_sheet_59' model='op.attendance.sheet'>
            <field name='name'>AR2-AS28</field>
            <field name='register_id' ref='op_attendance_register_2'/>
            <field name='attendance_date'
                   eval='(DateTime.today() - relativedelta(days=3))'/>
        </record>

        <record id='op_attendance_sheet_60' model='op.attendance.sheet'>
            <field name='name'>AR2-AS29</field>
            <field name='register_id' ref='op_attendance_register_2'/>
            <field name='attendance_date'
                   eval='(DateTime.today() - relativedelta(days=2))'/>
        </record>

        <record id='op_attendance_sheet_61' model='op.attendance.sheet'>
            <field name='name'>AR2-AS30</field>
            <field name='register_id' ref='op_attendance_register_2'/>
            <field name='attendance_date'
                   eval='(DateTime.today() - relativedelta(days=1))'/>
        </record>

        <record id='op_attendance_sheet_62' model='op.attendance.sheet'>
            <field name='name'>AR2-AS31</field>
            <field name='register_id' ref='op_attendance_register_2'/>
            <field name='attendance_date'
                   eval='(DateTime.today())'/>
        </record>
    </data>
</odoo>
