<?xml version="1.0" encoding="utf-8"?>
<odoo>
    <data noupdate="1">
        <record id="op_exam_1" model="op.exam">
            <field name="exam_code">E1D1-FA</field>
            <field name="name">BOA-E1-D1</field>
            <field name="state">done</field>
            <field name="min_marks">40</field>
            <field name="total_marks">100</field>
            <field name="session_id" ref="op_exam_session_1"/>
            <field name="subject_id" ref="openeducat_core.op_subject_1"/>
            <field name="start_time"
                   eval="(DateTime.today() - relativedelta(months=2)).strftime('%Y-%m-01 04:30')"/>
            <field name="end_time"
                   eval="(DateTime.today() - relativedelta(months=2)).strftime('%Y-%m-01 06:30')"/>
            <field name="state">done</field>
        </record>

        <record id="op_exam_2" model="op.exam">
            <field name="exam_code">E1D1-TX</field>
            <field name="name">BOA-E1-D2</field>
            <field name="state">done</field>
            <field name="min_marks">40</field>
            <field name="total_marks">100</field>
            <field name="session_id" ref="op_exam_session_1"/>
            <field name="subject_id" ref="openeducat_core.op_subject_2"/>
            <field name="start_time"
                   eval="(DateTime.today() - relativedelta(months=2)).strftime('%Y-%m-02 04:30')"/>
            <field name="end_time"
                   eval="(DateTime.today() - relativedelta(months=2)).strftime('%Y-%m-02 06:30')"/>
            <field name="state">done</field>
        </record>

        <record id="op_exam_3" model="op.exam">
            <field name="exam_code">E1D1-LE</field>
            <field name="name">BOA-E1-D3</field>
            <field name="state">done</field>
            <field name="min_marks">40</field>
            <field name="total_marks">100</field>
            <field name="session_id" ref="op_exam_session_1"/>
            <field name="subject_id" ref="openeducat_core.op_subject_3"/>
            <field name="start_time"
                   eval="(DateTime.today() - relativedelta(months=2)).strftime('%Y-%m-03 04:30')"/>
            <field name="end_time"
                   eval="(DateTime.today() - relativedelta(months=2)).strftime('%Y-%m-03 06:30')"/>
            <field name="state">done</field>
        </record>

        <record id="op_exam_4" model="op.exam">
            <field name="exam_code">E1D1-BM</field>
            <field name="name">BOA-E1-D4</field>
            <field name="state">done</field>
            <field name="min_marks">40</field>
            <field name="total_marks">100</field>
            <field name="session_id" ref="op_exam_session_1"/>
            <field name="subject_id" ref="openeducat_core.op_subject_4"/>
            <field name="start_time"
                   eval="(DateTime.today() - relativedelta(months=2)).strftime('%Y-%m-04 04:30')"/>
            <field name="end_time"
                   eval="(DateTime.today() - relativedelta(months=2)).strftime('%Y-%m-04 06:30')"/>
            <field name="state">done</field>
        </record>

        <record id="op_exam_5" model="op.exam">
            <field name="exam_code">E1D1-RLT</field>
            <field name="name">LTRP-E1-D1</field>
            <field name="state">done</field>
            <field name="min_marks">50</field>
            <field name="total_marks">100</field>
            <field name="session_id" ref="op_exam_session_2"/>
            <field name="subject_id" ref="openeducat_core.op_subject_9"/>
            <field name="start_time"
                   eval="(DateTime.today() - relativedelta(months=2)).strftime('%Y-%m-11 04:30')"/>
            <field name="end_time"
                   eval="(DateTime.today() - relativedelta(months=2)).strftime('%Y-%m-11 06:30')"/>
        </record>

        <record id="op_exam_6" model="op.exam">
            <field name="exam_code">E1D2-EEL</field>
            <field name="name">LTRP-E1-D2</field>
            <field name="state">done</field>
            <field name="min_marks">50</field>
            <field name="total_marks">100</field>
            <field name="session_id" ref="op_exam_session_2"/>
            <field name="subject_id" ref="openeducat_core.op_subject_10"/>
            <field name="start_time"
                   eval="(DateTime.today() - relativedelta(months=2)).strftime('%Y-%m-12 04:30')"/>
            <field name="end_time"
                   eval="(DateTime.today() - relativedelta(months=2)).strftime('%Y-%m-12 06:30')"/>
        </record>

        <record id="op_exam_7" model="op.exam">
            <field name="exam_code">E1D3-ELH</field>
            <field name="name">LTRP-E1-D3</field>
            <field name="state">done</field>
            <field name="min_marks">50</field>
            <field name="total_marks">100</field>
            <field name="session_id" ref="op_exam_session_2"/>
            <field name="subject_id" ref="openeducat_core.op_subject_11"/>
            <field name="start_time"
                   eval="(DateTime.today() - relativedelta(months=2)).strftime('%Y-%m-13 04:30')"/>
            <field name="end_time"
                   eval="(DateTime.today() - relativedelta(months=2)).strftime('%Y-%m-13 06:30')"/>
        </record>

        <record id="op_exam_8" model="op.exam">
            <field name="exam_code">E1D4-ELH</field>
            <field name="name">LTRP-E1-D4</field>
            <field name="state">done</field>
            <field name="min_marks">50</field>
            <field name="total_marks">100</field>
            <field name="session_id" ref="op_exam_session_2"/>
            <field name="subject_id" ref="openeducat_core.op_subject_12"/>
            <field name="start_time"
                   eval="(DateTime.today() - relativedelta(months=2)).strftime('%Y-%m-14 04:30')"/>
            <field name="end_time"
                   eval="(DateTime.today() - relativedelta(months=2)).strftime('%Y-%m-14 06:30')"/>
        </record>

        <record id="op_exam_9" model="op.exam">
            <field name="exam_code">ilts-1</field>
            <field name="name">IELTS-E1-D1</field>
            <field name="state">done</field>
            <field name="min_marks">35</field>
            <field name="total_marks">70</field>
            <field name="session_id" ref="op_exam_session_3"/>
            <field name="subject_id" ref="openeducat_core.op_subject_9"/>
            <field name="start_time"
                   eval="(DateTime.today() - relativedelta(months=2)).strftime('%Y-%m-17 04:30')"/>
            <field name="end_time"
                   eval="(DateTime.today() - relativedelta(months=2)).strftime('%Y-%m-17 06:30')"/>
        </record>

        <record id="op_exam_10" model="op.exam">
            <field name="exam_code">ilts-2</field>
            <field name="name">IELTS-E1-D2</field>
            <field name="state">done</field>
            <field name="min_marks">35</field>
            <field name="total_marks">70</field>
            <field name="session_id" ref="op_exam_session_3"/>
            <field name="subject_id" ref="openeducat_core.op_subject_10"/>
            <field name="start_time"
                   eval="(DateTime.today() - relativedelta(months=2)).strftime('%Y-%m-18 04:30')"/>
            <field name="end_time"
                   eval="(DateTime.today() - relativedelta(months=2)).strftime('%Y-%m-18 06:30')"/>
        </record>

        <record id="op_exam_11" model="op.exam">
            <field name="exam_code">ilts-3</field>
            <field name="name">IELTS-E1-D3</field>
            <field name="state">done</field>
            <field name="min_marks">35</field>
            <field name="total_marks">70</field>
            <field name="session_id" ref="op_exam_session_3"/>
            <field name="subject_id" ref="openeducat_core.op_subject_11"/>
            <field name="start_time"
                   eval="(DateTime.today() - relativedelta(months=2)).strftime('%Y-%m-19 04:30')"/>
            <field name="end_time"
                   eval="(DateTime.today() - relativedelta(months=2)).strftime('%Y-%m-19 06:30')"/>
        </record>

        <record id="op_exam_12" model="op.exam">
            <field name="exam_code">ilts-4</field>
            <field name="name">IELTS-E1-D4</field>
            <field name="state">done</field>
            <field name="min_marks">35</field>
            <field name="total_marks">70</field>
            <field name="session_id" ref="op_exam_session_3"/>
            <field name="subject_id" ref="openeducat_core.op_subject_12"/>
            <field name="start_time"
                   eval="(DateTime.today() - relativedelta(months=2)).strftime('%Y-%m-20 04:30')"/>
            <field name="end_time"
                   eval="(DateTime.today() - relativedelta(months=2)).strftime('%Y-%m-20 06:30')"/>
        </record>
    </data>
</odoo>
